中转IP,中转端口,回源IP,国家,数据中心,IP类型,网络延迟
101.132.135.33,443,47.57.7.234,HK,Hong Kong,隧道,6 ms
101.132.47.83,443,47.74.9.166,JP,Tokyo,隧道,7 ms
101.32.15.172,443,101.32.15.172,HK,Hong Kong,中转,37 ms
106.15.47.185,443,47.74.16.170,JP,Tokyo,隧道,16 ms
101.36.116.40,443,101.36.116.40,HK,Hong Kong,中转,36 ms
103.29.69.39,443,103.29.69.27,JP,Tokyo,隧道,61 ms
123.58.212.234,443,123.58.212.234,HK,Hong Kong,中转,36 ms
101.33.66.110,443,101.33.66.110,KR,Seoul,中转,62 ms
129.226.178.235,443,129.226.178.235,HK,Hong Kong,中转,34 ms
124.89.64.92,443,111.19.167.92,CN,Hong Kong,隧道,30 ms
124.156.238.155,443,124.156.238.155,JP,Tokyo,中转,81 ms
124.89.64.208,443,111.19.167.208,CN,Hong Kong,隧道,30 ms
111.19.167.208,443,111.19.167.208,CN,Hong Kong,中转,30 ms
113.142.205.92,443,111.19.167.92,CN,Hong Kong,隧道,43 ms
111.19.167.92,443,111.19.167.92,CN,Hong Kong,中转,36 ms
116.136.163.157,443,117.161.143.157,CN,Hong Kong,隧道,38 ms
111.19.167.95,443,111.19.167.95,CN,Hong Kong,中转,31 ms
117.161.143.162,443,117.161.143.162,CN,Hong Kong,中转,34 ms
116.136.163.162,443,117.161.143.162,CN,Hong Kong,隧道,36 ms
113.142.205.208,443,111.19.167.208,CN,Hong Kong,隧道,39 ms
117.161.143.157,443,117.161.143.157,CN,Hong Kong,中转,37 ms
13.125.13.106,443,13.125.13.106,US,Seoul,中转,61 ms
124.156.225.184,443,124.156.225.184,JP,Tokyo,中转,72 ms
107.150.111.124,443,107.150.111.92,CN,Los Angeles,隧道,190 ms
107.172.242.3,443,107.172.242.3,US,Los Angeles,中转,184 ms
107.174.131.244,443,107.174.131.244,US,Los Angeles,中转,170 ms
101.132.105.112,443,101.33.66.110,KR,Seoul,隧道,9 ms
106.14.176.3,443,47.252.26.216,US,Ashburn,隧道,10 ms
109.74.205.88,443,109.74.205.180,GB,London,隧道,233 ms
101.36.159.240,443,199.59.226.97,US,Newark,隧道,43 ms
128.199.73.44,443,128.199.73.44,SG,Singapore,中转,240 ms
128.199.173.196,443,128.199.173.196,SG,Singapore,中转,240 ms
128.199.241.231,443,128.199.241.231,SG,Singapore,中转,249 ms
103.228.162.106,443,103.228.162.106,CN,San Jose,中转,31 ms
104.248.171.142,443,104.248.171.142,GB,London,中转,295 ms
104.248.200.216,443,2a03:b0c0:2:d0::140b:1,NL,London,隧道,257 ms
119.36.161.40,443,119.36.161.40,CN,Los Angeles,中转,20 ms
130.61.108.177,443,130.61.108.177,DE,Frankfurt,中转,310 ms
129.159.248.217,443,129.159.248.217,DE,Frankfurt,中转,342 ms
129.159.242.244,443,129.159.242.244,DE,Frankfurt,中转,314 ms
129.159.200.44,443,129.159.200.44,DE,Frankfurt,中转,349 ms
104.223.102.254,443,104.223.102.254,US,Ashburn,中转,263 ms
129.159.243.12,443,129.159.243.12,DE,Frankfurt,中转,321 ms
130.61.128.184,443,130.61.128.184,DE,Frankfurt,中转,327 ms
129.159.249.67,443,129.159.249.67,DE,Munich,中转,304 ms
130.162.47.39,443,130.162.47.39,DE,Munich,中转,295 ms
130.61.129.176,443,130.61.129.176,DE,Frankfurt,中转,317 ms
130.61.107.189,443,130.61.107.189,DE,Munich,中转,326 ms
130.162.32.215,443,130.162.32.215,DE,Frankfurt,中转,349 ms
130.61.131.243,443,130.61.131.243,DE,Frankfurt,中转,287 ms
130.61.114.194,443,130.61.114.194,DE,Munich,中转,246 ms
110.17.168.204,443,110.17.168.204,CN,Los Angeles,中转,35 ms
130.61.114.45,443,130.61.114.45,DE,Frankfurt,中转,306 ms
128.199.108.73,443,128.199.108.73,SG,Singapore,中转,246 ms
130.61.128.193,443,130.61.128.193,DE,Munich,中转,323 ms
130.61.137.42,443,130.61.137.42,DE,Munich,中转,278 ms
130.162.49.29,443,130.162.49.29,DE,Frankfurt,中转,327 ms
130.61.179.235,443,130.61.179.235,DE,Frankfurt,中转,303 ms
130.61.11.123,443,130.61.11.123,DE,Frankfurt,中转,310 ms
128.199.93.153,443,128.199.93.153,SG,Singapore,中转,250 ms
130.61.145.65,443,130.61.145.65,DE,Frankfurt,中转,293 ms
130.61.18.62,443,130.61.18.62,DE,Munich,中转,298 ms
130.61.143.47,443,130.61.143.47,DE,Munich,中转,257 ms
130.61.129.58,443,130.61.129.58,DE,Frankfurt,中转,311 ms
130.61.174.196,443,130.61.174.196,DE,Frankfurt,中转,244 ms
130.61.149.109,443,130.61.149.109,DE,Munich,中转,316 ms
130.61.131.227,443,130.61.131.227,DE,Frankfurt,中转,333 ms
130.61.181.91,443,130.61.181.91,DE,Frankfurt,中转,308 ms
130.61.154.78,443,130.61.154.78,DE,Frankfurt,中转,300 ms
130.61.149.173,443,130.61.149.173,DE,Frankfurt,中转,307 ms
130.61.20.125,443,130.61.20.125,DE,Munich,中转,266 ms
130.61.174.58,443,130.61.174.58,DE,Frankfurt,中转,269 ms
130.61.191.35,443,130.61.191.35,DE,Frankfurt,中转,304 ms
128.199.124.73,443,128.199.124.73,SG,Singapore,中转,254 ms
130.61.201.113,443,130.61.201.113,DE,Munich,中转,284 ms
130.61.175.31,443,130.61.175.31,DE,Munich,中转,306 ms
132.145.21.167,443,132.145.21.167,GB,London,中转,193 ms
132.145.23.167,443,132.145.23.167,GB,London,中转,210 ms
130.61.183.120,443,130.61.183.120,DE,Munich,中转,299 ms
132.145.28.233,443,132.145.28.233,GB,London,中转,200 ms
128.199.248.207,443,128.199.248.207,SG,Singapore,中转,1264 ms
132.145.18.172,443,132.145.18.172,GB,London,中转,229 ms
132.145.33.169,443,132.145.33.169,GB,London,中转,226 ms
130.61.177.86,443,130.61.177.86,DE,Frankfurt,中转,292 ms
130.61.219.221,443,130.61.219.221,DE,Frankfurt,中转,303 ms
107.175.64.33,443,107.175.64.33,US,Newark,中转,345 ms
132.145.46.5,443,132.145.46.5,GB,London,中转,212 ms
132.145.38.79,443,132.145.38.79,GB,London,中转,213 ms
130.61.228.241,443,130.61.228.241,DE,Munich,中转,305 ms
132.145.24.70,443,132.145.24.70,GB,London,中转,243 ms
130.61.210.108,443,130.61.210.108,DE,Frankfurt,中转,353 ms
130.61.211.35,443,130.61.211.35,DE,Munich,中转,304 ms
130.61.181.151,443,130.61.181.151,DE,Munich,中转,335 ms
130.61.22.96,443,130.61.22.96,DE,Frankfurt,中转,295 ms
130.61.222.208,443,130.61.222.208,DE,Frankfurt,中转,318 ms
130.61.179.26,443,130.61.179.26,DE,Frankfurt,中转,313 ms
130.61.221.111,443,130.61.221.111,DE,Frankfurt,中转,323 ms
130.61.237.149,443,130.61.237.149,DE,Frankfurt,中转,318 ms
130.61.20.202,443,130.61.20.202,DE,Munich,中转,328 ms
130.61.249.78,443,130.61.249.78,DE,Munich,中转,266 ms
130.61.34.37,443,130.61.34.37,DE,Frankfurt,中转,265 ms
130.61.239.202,443,130.61.239.202,DE,Frankfurt,中转,300 ms
130.61.26.115,443,130.61.26.115,DE,Frankfurt,中转,314 ms
130.61.73.202,443,130.61.73.202,DE,Frankfurt,中转,294 ms
130.61.45.7,443,130.61.45.7,DE,Munich,中转,314 ms
132.145.70.176,443,132.145.70.176,GB,London,中转,211 ms
132.226.230.150,443,132.226.230.150,KR,Tokyo,中转,98 ms
132.145.70.88,443,132.145.70.88,GB,London,中转,196 ms
130.61.33.26,443,130.61.33.26,DE,Frankfurt,中转,272 ms
138.2.15.145,443,138.2.15.145,JP,Tokyo,中转,55 ms
138.2.112.130,443,138.2.112.130,KR,Seoul,中转,78 ms
130.61.36.237,443,130.61.36.237,DE,Frankfurt,中转,296 ms
130.61.36.211,443,130.61.36.211,DE,Frankfurt,中转,292 ms
132.145.59.52,443,132.145.59.52,GB,London,中转,186 ms
130.61.28.99,443,130.61.28.99,DE,Munich,中转,336 ms
130.61.83.13,443,130.61.83.13,DE,Frankfurt,中转,277 ms
132.145.71.2,443,132.145.71.2,GB,London,中转,221 ms
130.61.235.210,443,130.61.235.210,DE,Frankfurt,中转,305 ms
130.61.88.74,443,130.61.88.74,DE,Frankfurt,中转,327 ms
132.145.235.202,443,132.145.235.202,DE,Frankfurt,中转,277 ms
132.145.73.32,443,132.145.73.32,GB,London,中转,187 ms
130.61.80.243,443,130.61.80.243,DE,Munich,中转,292 ms
130.61.75.187,443,130.61.75.187,DE,Munich,中转,315 ms
132.145.73.8,443,132.145.73.8,GB,London,中转,206 ms
139.162.84.220,443,139.162.84.193,JP,Tokyo,隧道,35 ms
139.162.47.28,443,139.162.47.234,SG,Singapore,隧道,101 ms
130.61.77.208,443,130.61.77.208,DE,Frankfurt,中转,278 ms
139.162.22.233,443,139.162.22.227,SG,Singapore,隧道,100 ms
132.145.74.116,443,132.145.74.116,GB,London,中转,201 ms
139.162.29.197,443,139.162.10.27,SG,Singapore,隧道,100 ms
139.162.51.63,443,139.162.29.83,SG,Singapore,隧道,101 ms
137.184.36.216,443,137.184.36.216,US,San Jose,中转,179 ms
139.162.50.83,443,139.162.5.150,SG,Singapore,隧道,99 ms
139.162.25.56,443,139.162.25.236,SG,Singapore,隧道,106 ms
139.162.25.51,443,139.162.25.131,SG,Singapore,隧道,105 ms
137.184.92.126,443,137.184.92.126,US,San Jose,中转,179 ms
139.162.55.35,443,139.162.55.106,SG,Singapore,隧道,98 ms
132.226.208.173,443,132.226.208.173,GB,London,中转,217 ms
138.2.41.24,443,138.2.41.24,JP,Osaka,中转,191 ms
132.226.128.2,443,132.226.128.2,GB,London,中转,235 ms
132.226.212.237,443,132.226.212.237,GB,London,中转,189 ms
139.162.57.64,443,139.162.14.76,SG,Singapore,隧道,117 ms
130.61.44.189,443,130.61.44.189,DE,Munich,中转,345 ms
139.162.56.247,443,139.162.52.18,SG,Singapore,隧道,105 ms
140.238.34.163,443,140.238.34.163,JP,Tokyo,中转,48 ms
139.162.7.101,443,139.162.1.33,SG,Singapore,隧道,104 ms
128.199.200.39,443,128.199.200.39,SG,Singapore,中转,238 ms
139.162.59.209,443,139.162.42.38,SG,Singapore,隧道,109 ms
132.226.197.63,443,132.226.197.63,DE,Frankfurt,中转,267 ms
139.162.7.250,443,139.162.7.238,SG,Singapore,隧道,107 ms
139.162.9.249,443,139.162.43.45,SG,Singapore,隧道,95 ms
132.226.196.103,443,132.226.196.103,DE,Munich,中转,299 ms
135.148.4.33,443,135.148.4.33,US,Ashburn,中转,245 ms
132.145.35.162,443,132.145.35.162,GB,London,中转,1285 ms
134.122.58.243,443,134.122.58.243,NL,London,中转,245 ms
132.226.193.9,443,132.226.193.9,DE,Munich,中转,266 ms
132.145.27.158,443,132.145.27.158,GB,London,中转,201 ms
137.184.198.195,443,137.184.198.195,US,Newark,中转,262 ms
137.184.50.67,443,137.184.50.67,US,Newark,中转,292 ms
139.177.186.91,443,139.162.3.20,SG,Singapore,隧道,100 ms
134.209.39.177,443,2604:a880:800:10::670:2001,US,Newark,隧道,244 ms
138.197.183.219,443,138.197.183.219,DE,Frankfurt,中转,244 ms
132.226.205.31,443,132.226.205.31,DE,Munich,中转,285 ms
132.226.206.162,443,132.226.206.162,DE,Frankfurt,中转,283 ms
139.177.185.65,443,139.177.184.178,SG,Singapore,隧道,110 ms
139.162.171.77,443,139.162.171.210,DE,Frankfurt,隧道,242 ms
140.238.8.162,443,140.238.8.162,KR,Tokyo,中转,94 ms
132.226.203.111,443,132.226.203.111,DE,Munich,中转,304 ms
132.226.202.106,443,132.226.202.106,DE,Munich,中转,297 ms
138.68.103.175,443,138.68.103.175,DE,Frankfurt,中转,269 ms
138.3.244.218,443,138.3.244.218,DE,Munich,中转,287 ms
139.162.221.157,443,139.162.221.155,GB,London,隧道,257 ms
138.68.137.228,443,138.68.137.228,GB,London,中转,237 ms
140.238.103.255,443,140.238.103.255,GB,London,中转,203 ms
138.3.249.214,443,138.3.249.214,DE,Frankfurt,中转,290 ms
138.68.182.166,443,138.68.182.166,GB,London,中转,272 ms
140.238.72.87,443,140.238.72.87,GB,London,中转,247 ms
140.238.99.86,443,140.238.99.86,GB,London,中转,190 ms
140.238.78.221,443,140.238.78.221,GB,London,中转,241 ms
139.177.182.158,443,139.177.182.156,DE,Frankfurt,隧道,244 ms
139.177.178.52,443,139.162.160.165,DE,Frankfurt,隧道,254 ms
139.180.198.185,443,139.180.198.185,JP,Tokyo,中转,256 ms
139.177.180.85,443,139.177.180.181,DE,Frankfurt,隧道,245 ms
146.56.116.228,443,146.56.116.228,KR,Seoul,中转,69 ms
140.238.97.71,443,140.238.97.71,GB,London,中转,207 ms
138.68.182.208,443,138.68.182.208,GB,London,中转,278 ms
146.56.108.50,443,2603:c024:3:a5ee:465f:a63e:275:7c71,US,Hong Kong,隧道,74 ms
139.59.120.239,443,139.59.120.239,SG,Singapore,中转,244 ms
146.56.43.106,443,146.56.43.106,KR,Tokyo,中转,46 ms
146.56.167.30,443,146.56.167.30,KR,Tokyo,中转,100 ms
140.238.89.53,443,140.238.89.53,GB,London,中转,197 ms
140.83.51.66,443,140.83.51.66,JP,Osaka,中转,194 ms
146.56.181.207,443,146.56.181.207,KR,Tokyo,中转,82 ms
140.238.90.9,443,140.238.90.9,GB,London,中转,215 ms
140.238.86.238,443,140.238.86.238,GB,London,中转,196 ms
146.56.98.113,443,2603:c024:3:a5ee:54e0:d1cc:f958:efe6,US,Hong Kong,隧道,66 ms
143.47.234.183,443,143.47.234.183,GB,London,中转,198 ms
143.47.228.245,443,143.47.228.245,GB,London,中转,191 ms
143.47.247.90,443,143.47.247.90,GB,London,中转,204 ms
143.47.232.121,443,143.47.232.121,GB,London,中转,196 ms
143.47.244.29,443,143.47.244.29,GB,London,中转,202 ms
139.99.236.163,443,139.99.236.163,AU,Sydney,中转,305 ms
142.44.137.90,443,2607:5300:203:205a::,CA,Montréal,隧道,231 ms
144.21.51.242,443,144.21.51.242,GB,London,中转,206 ms
134.209.148.128,443,134.209.148.128,IN,Mumbai,中转,307 ms
144.21.49.101,443,144.21.49.101,GB,London,中转,174 ms
141.144.244.23,443,141.144.244.23,DE,Frankfurt,中转,282 ms
141.144.241.117,443,141.144.241.117,DE,Frankfurt,中转,272 ms
141.144.227.58,443,141.144.227.58,DE,Munich,中转,295 ms
139.99.141.145,443,139.99.141.145,AU,Sydney,中转,327 ms
152.32.131.107,443,152.32.131.107,HK,Hong Kong,中转,38 ms
141.144.240.213,443,141.144.240.213,DE,Frankfurt,中转,282 ms
139.59.122.41,443,139.59.122.41,SG,Singapore,中转,247 ms
141.144.230.159,443,141.144.230.159,DE,Frankfurt,中转,304 ms
139.99.209.189,443,139.99.209.189,AU,Sydney,中转,309 ms
152.32.229.149,443,152.32.229.149,TW,Taipei,中转,66 ms
146.56.162.25,443,146.56.162.25,KR,Seoul,中转,47 ms
143.198.116.236,443,143.198.116.236,US,Newark,中转,272 ms
139.59.180.151,443,139.59.180.151,GB,London,中转,260 ms
141.144.230.58,443,141.144.230.58,DE,Frankfurt,中转,306 ms
144.21.49.120,443,144.21.49.120,GB,London,中转,211 ms
142.93.14.238,443,142.93.14.238,US,Newark,中转,284 ms
154.213.106.65,443,43.229.215.122,HK,Hong Kong,隧道,37 ms
154.213.106.64,443,43.229.215.122,HK,Hong Kong,隧道,37 ms
144.21.55.50,443,144.21.55.50,GB,London,中转,242 ms
141.144.234.36,443,141.144.234.36,DE,Munich,中转,299 ms
154.213.106.66,443,43.229.215.122,HK,Hong Kong,隧道,39 ms
143.92.63.211,443,143.92.63.211,HK,Hong Kong,中转,60 ms
141.144.243.3,443,141.144.243.3,DE,Munich,中转,319 ms
147.78.178.242,443,147.78.178.242,DE,Frankfurt,中转,170 ms
144.217.161.39,443,144.217.87.174,CA,Toronto,隧道,227 ms
149.129.8.215,443,47.88.55.210,US,San Jose,隧道,74 ms
143.244.160.164,443,143.244.160.164,US,Newark,中转,310 ms
154.213.106.69,443,43.229.215.122,HK,Hong Kong,隧道,37 ms
144.217.87.174,443,144.217.87.174,CA,Toronto,中转,238 ms
154.213.106.68,443,43.229.215.122,HK,Hong Kong,隧道,71 ms
154.213.106.75,443,43.229.215.122,HK,Hong Kong,隧道,35 ms
152.67.211.226,443,152.67.211.226,KR,Seoul,中转,78 ms
154.213.106.67,443,43.229.215.122,HK,Hong Kong,隧道,36 ms
147.182.249.217,443,147.182.249.217,US,San Jose,中转,187 ms
143.198.107.115,443,143.198.107.115,US,San Jose,中转,211 ms
154.213.106.74,443,43.229.215.122,HK,Hong Kong,隧道,36 ms
147.182.230.125,443,147.182.230.125,US,San Jose,中转,192 ms
143.110.241.138,443,143.110.241.138,IN,Mumbai,中转,331 ms
154.213.106.71,443,43.229.215.122,HK,Hong Kong,隧道,37 ms
144.24.180.30,443,144.24.180.30,DE,Frankfurt,中转,289 ms
154.213.106.70,443,43.229.215.122,HK,Hong Kong,隧道,38 ms
154.213.106.72,443,43.229.215.122,HK,Hong Kong,隧道,39 ms
150.230.57.126,443,150.230.57.126,JP,Osaka,中转,176 ms
154.213.106.78,443,43.229.215.122,HK,Hong Kong,隧道,38 ms
143.198.99.5,443,143.198.99.5,US,San Jose,中转,180 ms
154.213.106.77,443,43.229.215.122,HK,Hong Kong,隧道,37 ms
150.230.58.134,443,150.230.58.134,JP,Osaka,中转,187 ms
154.213.106.73,443,43.229.215.122,HK,Hong Kong,隧道,35 ms
138.197.205.31,443,138.197.205.31,US,San Jose,中转,1193 ms
154.213.106.80,443,43.229.215.122,HK,Hong Kong,隧道,38 ms
144.24.169.26,443,144.24.169.26,DE,Munich,中转,293 ms
144.24.185.247,443,144.24.185.247,DE,Frankfurt,中转,263 ms
154.213.106.76,443,43.229.215.122,HK,Hong Kong,隧道,36 ms
147.135.70.217,443,147.135.70.217,US,Ashburn,中转,241 ms
154.213.106.81,443,43.229.215.122,HK,Hong Kong,隧道,35 ms
154.213.106.79,443,43.229.215.122,HK,Hong Kong,隧道,36 ms
142.93.215.32,443,142.93.215.32,IN,Mumbai,中转,323 ms
150.230.124.202,443,150.230.124.202,GB,London,中转,246 ms
144.24.171.90,443,144.24.171.90,DE,Munich,中转,261 ms
144.24.166.228,443,144.24.166.228,DE,Frankfurt,中转,340 ms
149.28.152.230,443,149.28.152.230,SG,Singapore,中转,217 ms
154.213.106.82,443,43.229.215.122,HK,Hong Kong,隧道,34 ms
154.213.106.84,443,43.229.215.122,HK,Hong Kong,隧道,38 ms
150.230.125.144,443,150.230.125.144,GB,London,中转,194 ms
154.213.106.85,443,43.229.215.122,HK,Hong Kong,隧道,39 ms
147.135.15.111,443,2604:2dc0:100:36f::,US,Ashburn,隧道,233 ms
152.69.206.47,443,152.69.206.47,JP,Osaka,中转,182 ms
154.213.106.83,443,43.229.215.122,HK,Hong Kong,隧道,38 ms
154.213.106.86,443,43.229.215.122,HK,Hong Kong,隧道,38 ms
154.213.109.67,443,43.229.215.122,HK,Hong Kong,隧道,38 ms
154.213.106.88,443,43.229.215.122,HK,Hong Kong,隧道,39 ms
154.213.106.93,443,43.229.215.122,HK,Hong Kong,隧道,48 ms
143.47.252.134,443,143.47.252.134,GB,London,中转,201 ms
154.213.106.89,443,43.229.215.122,HK,Hong Kong,隧道,44 ms
154.213.106.87,443,43.229.215.122,HK,Hong Kong,隧道,36 ms
154.213.106.92,443,43.229.215.122,HK,Hong Kong,隧道,37 ms
154.213.109.69,443,43.229.215.122,HK,Hong Kong,隧道,38 ms
154.213.106.94,443,43.229.215.122,HK,Hong Kong,隧道,36 ms
154.213.109.68,443,43.229.215.122,HK,Hong Kong,隧道,37 ms
154.213.106.91,443,43.229.215.122,HK,Hong Kong,隧道,35 ms
150.230.113.107,443,150.230.113.107,GB,London,中转,265 ms
147.135.36.169,443,2604:2dc0:200:2a9::,US,Portland,隧道,264 ms
154.213.109.72,443,43.229.215.122,HK,Hong Kong,隧道,45 ms
154.213.106.95,443,43.229.215.122,HK,Hong Kong,隧道,38 ms
154.213.109.65,443,43.229.215.122,HK,Hong Kong,隧道,39 ms
154.213.109.73,443,43.229.215.122,HK,Hong Kong,隧道,38 ms
154.213.109.79,443,43.229.215.122,HK,Hong Kong,隧道,46 ms
154.213.109.66,443,43.229.215.122,HK,Hong Kong,隧道,35 ms
154.213.109.70,443,43.229.215.122,HK,Hong Kong,隧道,38 ms
154.213.106.90,443,43.229.215.122,HK,Hong Kong,隧道,39 ms
154.213.109.74,443,43.229.215.122,HK,Hong Kong,隧道,39 ms
154.213.109.71,443,43.229.215.122,HK,Hong Kong,隧道,35 ms
152.67.146.125,443,152.67.146.125,GB,London,中转,219 ms
154.213.109.76,443,43.229.215.122,HK,Hong Kong,隧道,41 ms
154.213.109.75,443,43.229.215.122,HK,Hong Kong,隧道,44 ms
147.135.9.164,443,2604:2dc0:100:9a4::,US,Ashburn,隧道,281 ms
154.213.109.78,443,43.229.215.122,HK,Hong Kong,隧道,68 ms
154.213.109.83,443,43.229.215.122,HK,Hong Kong,隧道,39 ms
154.213.109.81,443,43.229.215.122,HK,Hong Kong,隧道,38 ms
154.213.109.88,443,43.229.215.122,HK,Hong Kong,隧道,34 ms
146.59.14.96,443,146.59.14.96,FR,Warsaw,中转,356 ms
154.213.109.87,443,43.229.215.122,HK,Hong Kong,隧道,50 ms
154.213.109.80,443,43.229.215.122,HK,Hong Kong,隧道,38 ms
154.213.109.82,443,43.229.215.122,HK,Hong Kong,隧道,37 ms
154.213.109.85,443,43.229.215.122,HK,Hong Kong,隧道,37 ms
154.213.109.77,443,43.229.215.122,HK,Hong Kong,隧道,36 ms
154.213.109.92,443,43.229.215.122,HK,Hong Kong,隧道,35 ms
154.213.109.84,443,43.229.215.122,HK,Hong Kong,隧道,38 ms
154.213.109.91,443,43.229.215.122,HK,Hong Kong,隧道,45 ms
154.213.109.89,443,43.229.215.122,HK,Hong Kong,隧道,46 ms
154.213.109.90,443,43.229.215.122,HK,Hong Kong,隧道,34 ms
154.213.109.64,443,43.229.215.122,HK,Hong Kong,隧道,1046 ms
154.213.112.35,443,43.229.215.122,HK,Hong Kong,隧道,42 ms
150.230.150.179,443,150.230.150.179,DE,Frankfurt,中转,278 ms
154.213.112.32,443,43.229.215.122,HK,Hong Kong,隧道,38 ms
154.213.109.93,443,43.229.215.122,HK,Hong Kong,隧道,41 ms
154.213.112.44,443,43.229.215.122,HK,Hong Kong,隧道,38 ms
154.213.112.34,443,43.229.215.122,HK,Hong Kong,隧道,37 ms
154.213.109.86,443,43.229.215.122,HK,Hong Kong,隧道,38 ms
154.213.112.36,443,43.229.215.122,HK,Hong Kong,隧道,38 ms
154.213.112.47,443,43.229.215.122,HK,Hong Kong,隧道,39 ms
154.213.112.48,443,43.229.215.122,HK,Hong Kong,隧道,41 ms
152.70.164.232,443,152.70.164.232,DE,Frankfurt,中转,265 ms
154.213.112.33,443,43.229.215.122,HK,Hong Kong,隧道,36 ms
154.213.112.42,443,43.229.215.122,HK,Hong Kong,隧道,39 ms
150.230.151.97,443,150.230.151.97,DE,Frankfurt,中转,311 ms
154.213.109.94,443,43.229.215.122,HK,Hong Kong,隧道,99 ms
154.213.112.39,443,43.229.215.122,HK,Hong Kong,隧道,38 ms
154.213.112.38,443,43.229.215.122,HK,Hong Kong,隧道,35 ms
154.213.109.95,443,43.229.215.122,HK,Hong Kong,隧道,37 ms
154.213.112.50,443,43.229.215.122,HK,Hong Kong,隧道,35 ms
154.213.112.37,443,43.229.215.122,HK,Hong Kong,隧道,34 ms
154.213.112.52,443,43.229.215.122,HK,Hong Kong,隧道,36 ms
154.213.112.41,443,43.229.215.122,HK,Hong Kong,隧道,36 ms
154.213.112.55,443,43.229.215.122,HK,Hong Kong,隧道,37 ms
154.213.112.56,443,43.229.215.122,HK,Hong Kong,隧道,34 ms
154.213.112.43,443,43.229.215.122,HK,Hong Kong,隧道,40 ms
154.213.112.46,443,43.229.215.122,HK,Hong Kong,隧道,37 ms
154.213.112.40,443,43.229.215.122,HK,Hong Kong,隧道,37 ms
154.213.112.62,443,43.229.215.122,HK,Hong Kong,隧道,38 ms
152.70.165.9,443,152.70.165.9,DE,Frankfurt,中转,231 ms
150.230.149.196,443,150.230.149.196,DE,Frankfurt,中转,344 ms
152.228.191.232,443,152.228.191.1,FR,Paris,隧道,341 ms
154.213.112.45,443,43.229.215.122,HK,Hong Kong,隧道,37 ms
154.213.112.51,443,43.229.215.122,HK,Hong Kong,隧道,37 ms
154.213.112.53,443,43.229.215.122,HK,Hong Kong,隧道,36 ms
154.213.112.58,443,43.229.215.122,HK,Hong Kong,隧道,36 ms
154.213.130.161,443,43.229.215.122,HK,Hong Kong,隧道,38 ms
154.213.112.59,443,43.229.215.122,HK,Hong Kong,隧道,40 ms
152.228.206.122,443,152.228.206.122,FR,Paris,中转,375 ms
154.213.112.57,443,43.229.215.122,HK,Hong Kong,隧道,38 ms
154.213.112.54,443,43.229.215.122,HK,Hong Kong,隧道,36 ms
154.213.112.49,443,43.229.215.122,HK,Hong Kong,隧道,39 ms
154.213.130.166,443,43.229.215.122,HK,Hong Kong,隧道,36 ms
154.213.112.60,443,43.229.215.122,HK,Hong Kong,隧道,34 ms
154.213.130.169,443,43.229.215.122,HK,Hong Kong,隧道,37 ms
154.213.112.61,443,43.229.215.122,HK,Hong Kong,隧道,36 ms
152.70.167.13,443,152.70.167.13,DE,Frankfurt,中转,267 ms
154.213.130.162,443,43.229.215.122,HK,Hong Kong,隧道,36 ms
154.213.130.168,443,43.229.215.122,HK,Hong Kong,隧道,35 ms
154.213.130.163,443,43.229.215.122,HK,Hong Kong,隧道,51 ms
154.213.130.165,443,43.229.215.122,HK,Hong Kong,隧道,38 ms
154.213.112.63,443,43.229.215.122,HK,Hong Kong,隧道,38 ms
154.213.130.170,443,43.229.215.122,HK,Hong Kong,隧道,37 ms
154.213.130.171,443,43.229.215.122,HK,Hong Kong,隧道,39 ms
154.213.130.174,443,43.229.215.122,HK,Hong Kong,隧道,38 ms
154.213.130.164,443,43.229.215.122,HK,Hong Kong,隧道,90 ms
154.213.130.175,443,43.229.215.122,HK,Hong Kong,隧道,41 ms
154.213.130.160,443,43.229.215.122,HK,Hong Kong,隧道,37 ms
154.213.130.178,443,43.229.215.122,HK,Hong Kong,隧道,40 ms
139.162.108.240,443,139.162.108.240,JP,Tokyo,中转,48 ms
139.162.121.24,443,139.162.108.77,JP,Tokyo,隧道,42 ms
154.213.130.180,443,43.229.215.122,HK,Hong Kong,隧道,32 ms
154.213.130.172,443,43.229.215.122,HK,Hong Kong,隧道,37 ms
154.213.130.173,443,43.229.215.122,HK,Hong Kong,隧道,39 ms
154.213.130.184,443,43.229.215.122,HK,Hong Kong,隧道,36 ms
154.213.130.182,443,43.229.215.122,HK,Hong Kong,隧道,35 ms
154.213.130.186,443,43.229.215.122,HK,Hong Kong,隧道,42 ms
154.213.130.177,443,43.229.215.122,HK,Hong Kong,隧道,38 ms
154.213.130.183,443,43.229.215.122,HK,Hong Kong,隧道,38 ms
154.213.130.179,443,43.229.215.122,HK,Hong Kong,隧道,36 ms
154.213.130.181,443,43.229.215.122,HK,Hong Kong,隧道,38 ms
152.70.189.201,443,152.70.189.201,DE,Frankfurt,中转,321 ms
154.216.68.68,443,43.229.215.122,HK,Hong Kong,隧道,37 ms
154.213.130.188,443,43.229.215.122,HK,Hong Kong,隧道,36 ms
154.216.68.74,443,43.229.215.122,HK,Hong Kong,隧道,34 ms
154.213.130.191,443,43.229.215.122,HK,Hong Kong,隧道,35 ms
154.213.130.185,443,43.229.215.122,HK,Hong Kong,隧道,37 ms
152.70.175.111,443,152.70.175.111,DE,Munich,中转,321 ms
154.216.68.65,443,43.229.215.122,HK,Hong Kong,隧道,36 ms
154.213.130.187,443,43.229.215.122,HK,Hong Kong,隧道,38 ms
154.213.130.167,443,43.229.215.122,HK,Hong Kong,隧道,37 ms
154.216.68.76,443,43.229.215.122,HK,Hong Kong,隧道,38 ms
154.216.68.70,443,43.229.215.122,HK,Hong Kong,隧道,52 ms
154.216.68.82,443,43.229.215.122,HK,Hong Kong,隧道,36 ms
154.216.68.75,443,43.229.215.122,HK,Hong Kong,隧道,39 ms
154.213.130.190,443,43.229.215.122,HK,Hong Kong,隧道,39 ms
154.216.68.71,443,43.229.215.122,HK,Hong Kong,隧道,49 ms
154.216.68.69,443,43.229.215.122,HK,Hong Kong,隧道,37 ms
154.216.68.80,443,43.229.215.122,HK,Hong Kong,隧道,35 ms
154.216.68.91,443,43.229.215.122,HK,Hong Kong,隧道,35 ms
154.216.68.81,443,43.229.215.122,HK,Hong Kong,隧道,37 ms
154.216.68.67,443,43.229.215.122,HK,Hong Kong,隧道,37 ms
154.216.68.64,443,43.229.215.122,HK,Hong Kong,隧道,49 ms
154.216.68.78,443,43.229.215.122,HK,Hong Kong,隧道,45 ms
154.216.68.66,443,43.229.215.122,HK,Hong Kong,隧道,37 ms
154.216.68.89,443,43.229.215.122,HK,Hong Kong,隧道,48 ms
154.216.68.77,443,43.229.215.122,HK,Hong Kong,隧道,38 ms
154.216.68.85,443,43.229.215.122,HK,Hong Kong,隧道,38 ms
154.216.68.72,443,43.229.215.122,HK,Hong Kong,隧道,35 ms
152.70.167.27,443,152.70.167.27,DE,Munich,中转,264 ms
154.216.68.79,443,43.229.215.122,HK,Hong Kong,隧道,38 ms
154.213.130.176,443,43.229.215.122,HK,Hong Kong,隧道,39 ms
154.220.42.17,443,43.229.215.122,HK,Hong Kong,隧道,36 ms
154.220.42.0,443,43.229.215.122,HK,Hong Kong,隧道,47 ms
154.216.68.93,443,43.229.215.122,HK,Hong Kong,隧道,44 ms
154.213.130.189,443,43.229.215.122,HK,Hong Kong,隧道,37 ms
154.220.42.11,443,43.229.215.122,HK,Hong Kong,隧道,37 ms
154.216.68.73,443,43.229.215.122,HK,Hong Kong,隧道,38 ms
154.216.68.88,443,43.229.215.122,HK,Hong Kong,隧道,36 ms
154.216.68.87,443,43.229.215.122,HK,Hong Kong,隧道,37 ms
154.216.68.83,443,43.229.215.122,HK,Hong Kong,隧道,37 ms
154.216.68.90,443,43.229.215.122,HK,Hong Kong,隧道,39 ms
154.216.68.86,443,43.229.215.122,HK,Hong Kong,隧道,36 ms
154.216.68.84,443,43.229.215.122,HK,Hong Kong,隧道,33 ms
153.99.246.105,443,153.99.246.105,CN,Los Angeles,中转,11 ms
154.216.68.92,443,43.229.215.122,HK,Hong Kong,隧道,36 ms
154.220.42.16,443,43.229.215.122,HK,Hong Kong,隧道,43 ms
154.220.42.1,443,43.229.215.122,HK,Hong Kong,隧道,33 ms
154.216.68.94,443,43.229.215.122,HK,Hong Kong,隧道,37 ms
154.216.68.95,443,43.229.215.122,HK,Hong Kong,隧道,38 ms
154.220.42.28,443,43.229.215.122,HK,Hong Kong,隧道,38 ms
154.220.42.12,443,43.229.215.122,HK,Hong Kong,隧道,38 ms
154.220.42.10,443,43.229.215.122,HK,Hong Kong,隧道,39 ms
154.220.42.25,443,43.229.215.122,HK,Hong Kong,隧道,39 ms
154.220.42.13,443,43.229.215.122,HK,Hong Kong,隧道,38 ms
154.220.42.26,443,43.229.215.122,HK,Hong Kong,隧道,40 ms
154.220.42.19,443,43.229.215.122,HK,Hong Kong,隧道,37 ms
154.220.42.31,443,43.229.215.122,HK,Hong Kong,隧道,37 ms
154.220.42.3,443,43.229.215.122,HK,Hong Kong,隧道,36 ms
154.220.42.21,443,43.229.215.122,HK,Hong Kong,隧道,39 ms
154.220.42.18,443,43.229.215.122,HK,Hong Kong,隧道,50 ms
154.220.42.14,443,43.229.215.122,HK,Hong Kong,隧道,37 ms
154.220.42.27,443,43.229.215.122,HK,Hong Kong,隧道,37 ms
154.220.42.15,443,43.229.215.122,HK,Hong Kong,隧道,37 ms
154.220.42.8,443,43.229.215.122,HK,Hong Kong,隧道,53 ms
154.220.42.30,443,43.229.215.122,HK,Hong Kong,隧道,56 ms
154.220.42.5,443,43.229.215.122,HK,Hong Kong,隧道,35 ms
154.220.42.24,443,43.229.215.122,HK,Hong Kong,隧道,39 ms
154.220.42.22,443,43.229.215.122,HK,Hong Kong,隧道,56 ms
154.220.42.4,443,43.229.215.122,HK,Hong Kong,隧道,37 ms
154.220.42.2,443,43.229.215.122,HK,Hong Kong,隧道,42 ms
154.220.42.6,443,43.229.215.122,HK,Hong Kong,隧道,50 ms
154.220.42.29,443,43.229.215.122,HK,Hong Kong,隧道,38 ms
154.220.42.9,443,43.229.215.122,HK,Hong Kong,隧道,36 ms
154.92.58.162,443,43.229.215.122,HK,Hong Kong,隧道,34 ms
154.220.42.20,443,43.229.215.122,HK,Hong Kong,隧道,39 ms
154.92.58.160,443,43.229.215.122,HK,Hong Kong,隧道,66 ms
154.220.42.7,443,43.229.215.122,HK,Hong Kong,隧道,41 ms
154.92.58.167,443,43.229.215.122,HK,Hong Kong,隧道,34 ms
154.92.58.169,443,43.229.215.122,HK,Hong Kong,隧道,41 ms
154.220.42.23,443,43.229.215.122,HK,Hong Kong,隧道,62 ms
154.92.58.179,443,43.229.215.122,HK,Hong Kong,隧道,37 ms
154.92.58.164,443,43.229.215.122,HK,Hong Kong,隧道,35 ms
154.92.58.165,443,43.229.215.122,HK,Hong Kong,隧道,38 ms
154.92.58.166,443,43.229.215.122,HK,Hong Kong,隧道,34 ms
154.92.58.184,443,43.229.215.122,HK,Hong Kong,隧道,39 ms
154.92.58.161,443,43.229.215.122,HK,Hong Kong,隧道,37 ms
154.92.58.174,443,43.229.215.122,HK,Hong Kong,隧道,36 ms
154.92.58.185,443,43.229.215.122,HK,Hong Kong,隧道,35 ms
154.92.58.177,443,43.229.215.122,HK,Hong Kong,隧道,45 ms
154.92.58.172,443,43.229.215.122,HK,Hong Kong,隧道,37 ms
154.92.58.182,443,43.229.215.122,HK,Hong Kong,隧道,36 ms
154.92.58.163,443,43.229.215.122,HK,Hong Kong,隧道,36 ms
154.92.58.178,443,43.229.215.122,HK,Hong Kong,隧道,46 ms
154.92.58.181,443,43.229.215.122,HK,Hong Kong,隧道,37 ms
154.92.58.190,443,43.229.215.122,HK,Hong Kong,隧道,50 ms
154.92.58.188,443,43.229.215.122,HK,Hong Kong,隧道,35 ms
154.92.58.170,443,43.229.215.122,HK,Hong Kong,隧道,39 ms
154.92.58.176,443,43.229.215.122,HK,Hong Kong,隧道,38 ms
154.92.58.175,443,43.229.215.122,HK,Hong Kong,隧道,40 ms
154.92.58.173,443,43.229.215.122,HK,Hong Kong,隧道,37 ms
154.92.58.186,443,43.229.215.122,HK,Hong Kong,隧道,37 ms
154.92.58.183,443,43.229.215.122,HK,Hong Kong,隧道,39 ms
154.92.58.191,443,43.229.215.122,HK,Hong Kong,隧道,38 ms
154.92.58.187,443,43.229.215.122,HK,Hong Kong,隧道,39 ms
154.92.58.168,443,43.229.215.122,HK,Hong Kong,隧道,38 ms
154.92.58.171,443,43.229.215.122,HK,Hong Kong,隧道,37 ms
154.92.60.160,443,43.229.215.122,HK,Hong Kong,隧道,37 ms
154.92.60.163,443,43.229.215.122,HK,Hong Kong,隧道,38 ms
154.92.60.162,443,43.229.215.122,HK,Hong Kong,隧道,35 ms
154.92.60.168,443,43.229.215.122,HK,Hong Kong,隧道,55 ms
154.92.60.166,443,43.229.215.122,HK,Hong Kong,隧道,37 ms
154.92.60.164,443,43.229.215.122,HK,Hong Kong,隧道,35 ms
154.92.60.165,443,43.229.215.122,HK,Hong Kong,隧道,36 ms
154.92.60.170,443,43.229.215.122,HK,Hong Kong,隧道,82 ms
154.92.58.189,443,43.229.215.122,HK,Hong Kong,隧道,37 ms
154.92.58.180,443,43.229.215.122,HK,Hong Kong,隧道,50 ms
154.92.60.161,443,43.229.215.122,HK,Hong Kong,隧道,39 ms
154.92.60.171,443,43.229.215.122,HK,Hong Kong,隧道,37 ms
154.92.60.179,443,43.229.215.122,HK,Hong Kong,隧道,36 ms
154.92.60.167,443,43.229.215.122,HK,Hong Kong,隧道,36 ms
154.92.60.183,443,43.229.215.122,HK,Hong Kong,隧道,36 ms
154.92.60.178,443,43.229.215.122,HK,Hong Kong,隧道,37 ms
154.92.60.169,443,43.229.215.122,HK,Hong Kong,隧道,38 ms
154.92.60.176,443,43.229.215.122,HK,Hong Kong,隧道,37 ms
154.92.60.177,443,43.229.215.122,HK,Hong Kong,隧道,42 ms
154.92.60.175,443,43.229.215.122,HK,Hong Kong,隧道,37 ms
154.92.60.181,443,43.229.215.122,HK,Hong Kong,隧道,38 ms
154.92.60.173,443,43.229.215.122,HK,Hong Kong,隧道,38 ms
154.92.60.184,443,43.229.215.122,HK,Hong Kong,隧道,37 ms
155.248.170.55,443,155.248.170.55,JP,Tokyo,中转,37 ms
154.92.60.174,443,43.229.215.122,HK,Hong Kong,隧道,37 ms
154.92.60.190,443,43.229.215.122,HK,Hong Kong,隧道,40 ms
154.92.60.185,443,43.229.215.122,HK,Hong Kong,隧道,39 ms
154.92.60.172,443,43.229.215.122,HK,Hong Kong,隧道,34 ms
154.92.60.191,443,43.229.215.122,HK,Hong Kong,隧道,36 ms
154.92.60.180,443,43.229.215.122,HK,Hong Kong,隧道,34 ms
154.92.60.186,443,43.229.215.122,HK,Hong Kong,隧道,37 ms
154.92.60.188,443,43.229.215.122,HK,Hong Kong,隧道,37 ms
165.154.75.40,443,165.154.75.40,HK,Hong Kong,中转,40 ms
154.92.60.182,443,43.229.215.122,HK,Hong Kong,隧道,37 ms
154.92.60.187,443,43.229.215.122,HK,Hong Kong,隧道,38 ms
159.138.130.126,443,159.138.130.126,CN,Hong Kong,中转,40 ms
165.154.21.18,443,165.154.21.18,HK,Hong Kong,中转,39 ms
154.92.60.189,443,43.229.215.122,HK,Hong Kong,隧道,37 ms
161.117.231.89,443,161.117.231.89,SG,Singapore,中转,66 ms
161.117.231.83,443,161.117.231.83,SG,Singapore,中转,105 ms
16.162.109.63,443,16.162.109.63,HK,Hong Kong,中转,96 ms
159.89.132.95,443,159.89.132.95,US,San Jose,中转,187 ms
155.94.199.153,443,155.94.199.153,US,Seattle,中转,185 ms
155.94.198.8,443,155.94.198.8,US,Seattle,中转,177 ms
168.138.192.220,443,168.138.192.220,JP,Tokyo,中转,51 ms
159.223.67.178,443,159.223.67.178,SG,Singapore,中转,236 ms
159.223.47.145,443,159.223.47.145,SG,Singapore,中转,234 ms
159.223.36.111,443,159.223.36.111,SG,Singapore,中转,239 ms
159.223.44.142,443,159.223.44.142,SG,Singapore,中转,252 ms
159.65.192.80,443,159.65.192.80,NL,Frankfurt,中转,235 ms
155.138.157.131,443,155.138.157.131,CA,Toronto,中转,259 ms
159.223.10.173,443,159.223.10.173,NL,London,中转,240 ms
172.104.162.51,443,139.162.63.62,SG,Singapore,隧道,97 ms
159.89.197.102,443,159.89.197.102,SG,Singapore,中转,243 ms
170.187.226.75,443,170.187.224.171,SG,Singapore,隧道,99 ms
157.245.194.55,443,157.245.194.55,SG,Singapore,中转,234 ms
172.104.169.126,443,139.162.21.186,SG,Singapore,隧道,95 ms
170.187.227.116,443,170.187.226.120,SG,Singapore,隧道,110 ms
172.104.165.72,443,139.162.55.16,SG,Singapore,隧道,108 ms
172.104.177.106,443,139.162.35.167,SG,Singapore,隧道,104 ms
159.89.15.83,443,159.89.15.83,DE,Frankfurt,中转,242 ms
170.187.230.48,443,170.187.227.160,SG,Singapore,隧道,104 ms
172.104.182.241,443,139.162.37.113,SG,Singapore,隧道,105 ms
159.223.88.206,443,159.223.88.206,SG,Singapore,中转,233 ms
159.223.143.144,443,159.223.143.144,US,Newark,中转,296 ms
161.35.22.117,443,161.35.22.117,DE,Frankfurt,中转,244 ms
172.104.162.128,443,139.162.56.148,SG,Singapore,隧道,103 ms
172.104.172.28,443,172.104.172.25,SG,Singapore,隧道,111 ms
172.104.166.28,443,172.104.166.186,SG,Singapore,隧道,105 ms
172.104.180.93,443,139.162.58.238,SG,Singapore,隧道,105 ms
172.104.182.26,443,172.104.181.212,SG,Singapore,隧道,99 ms
172.104.189.85,443,139.162.14.11,SG,Singapore,隧道,96 ms
164.90.186.169,443,164.90.186.169,DE,Frankfurt,中转,255 ms
172.104.176.222,443,172.104.176.215,SG,Singapore,隧道,112 ms
172.104.187.108,443,139.162.7.83,SG,Singapore,隧道,108 ms
165.227.29.34,443,165.227.29.34,US,San Jose,中转,180 ms
159.65.35.165,443,2604:a880:800:10::ad4:4001,US,Newark,隧道,274 ms
172.104.181.234,443,172.104.181.202,SG,Singapore,隧道,117 ms
159.89.176.95,443,159.89.176.95,US,Newark,中转,249 ms
164.90.171.127,443,164.90.171.127,DE,Frankfurt,中转,265 ms
172.104.191.67,443,172.104.181.24,SG,Singapore,隧道,104 ms
164.90.203.155,443,164.90.203.155,NL,London,中转,252 ms
159.223.77.196,443,159.223.77.196,SG,Singapore,中转,231 ms
159.223.143.152,443,159.223.143.152,US,Newark,中转,294 ms
164.132.68.14,443,164.132.68.14,FR,Paris,中转,298 ms
157.230.47.140,443,157.230.47.140,SG,Singapore,中转,236 ms
161.35.12.1,443,161.35.12.1,US,Newark,中转,320 ms
157.245.158.72,443,157.245.158.72,SG,Singapore,中转,260 ms
167.172.77.0,443,167.172.77.0,SG,Singapore,中转,249 ms
172.104.32.27,443,139.162.6.79,SG,Singapore,隧道,96 ms
167.172.100.172,443,167.172.100.172,DE,Frankfurt,中转,250 ms
167.172.108.93,443,167.172.108.93,DE,Frankfurt,中转,247 ms
155.138.128.135,443,155.138.128.135,CA,Toronto,中转,286 ms
159.65.156.55,443,159.65.156.55,IN,Mumbai,中转,347 ms
172.104.32.237,443,172.104.32.222,SG,Singapore,隧道,97 ms
159.223.33.76,443,159.223.33.76,SG,Singapore,中转,248 ms
172.105.222.99,443,139.162.108.21,JP,Tokyo,隧道,49 ms
172.104.43.103,443,139.162.53.92,SG,Singapore,隧道,111 ms
164.92.76.27,443,164.92.76.27,US,San Jose,中转,188 ms
172.104.35.201,443,172.104.35.197,SG,Singapore,隧道,108 ms
172.104.42.126,443,172.104.184.125,SG,Singapore,隧道,110 ms
172.104.50.64,443,172.104.50.131,SG,Singapore,隧道,106 ms
159.89.206.60,443,159.89.206.60,SG,Singapore,中转,1275 ms
172.104.50.50,443,139.162.24.35,SG,Singapore,隧道,95 ms
172.104.41.156,443,103.3.61.36,SG,Singapore,隧道,105 ms
172.104.48.192,443,139.162.59.194,SG,Singapore,隧道,98 ms
172.104.44.189,443,172.104.177.134,SG,Singapore,隧道,119 ms
172.104.56.175,443,172.104.55.130,SG,Singapore,隧道,112 ms
172.104.52.47,443,172.104.165.84,SG,Singapore,隧道,98 ms
165.227.58.20,443,165.227.58.20,US,San Jose,中转,182 ms
172.105.117.79,443,172.105.117.129,SG,Singapore,隧道,111 ms
172.104.61.236,443,139.162.49.27,SG,Singapore,隧道,117 ms
172.104.58.85,443,139.162.29.120,SG,Singapore,隧道,99 ms
172.105.113.9,443,172.104.188.21,SG,Singapore,隧道,94 ms
172.105.121.96,443,172.105.121.7,SG,Singapore,隧道,110 ms
172.105.123.71,443,172.105.123.41,SG,Singapore,隧道,100 ms
172.105.116.157,443,172.105.115.35,SG,Singapore,隧道,104 ms
158.69.0.171,443,2607:5300:201:3100::4217,CA,Montréal,隧道,232 ms
172.105.123.221,443,172.105.123.206,SG,Singapore,隧道,105 ms
172.105.127.89,443,172.105.127.87,SG,Singapore,隧道,118 ms
18.163.249.175,443,18.163.249.175,HK,Hong Kong,中转,95 ms
172.105.124.126,443,172.105.124.102,SG,Singapore,隧道,118 ms
159.223.87.164,443,159.223.87.164,SG,Singapore,中转,248 ms
18.167.99.75,443,18.167.99.75,HK,Hong Kong,中转,88 ms
167.172.243.247,443,167.172.243.247,US,Newark,中转,246 ms
172.104.225.185,443,139.177.177.197,DE,Frankfurt,隧道,248 ms
172.104.230.174,443,139.177.176.114,DE,Frankfurt,隧道,232 ms
165.232.130.62,443,165.232.130.62,US,San Jose,中转,201 ms
172.104.247.225,443,139.162.138.140,DE,Frankfurt,隧道,228 ms
172.104.237.154,443,139.162.170.64,DE,Frankfurt,隧道,247 ms
167.114.67.25,443,167.114.67.25,CA,Toronto,中转,246 ms
172.104.233.177,443,139.162.135.40,DE,Frankfurt,隧道,229 ms
173.254.249.244,443,173.254.249.244,US,Los Angeles,中转,182 ms
165.232.183.249,443,165.232.183.249,IN,Mumbai,中转,318 ms
167.99.39.4,443,174.138.106.137,NL,London,隧道,238 ms
173.205.94.11,443,173.205.94.11,US,Seattle,中转,197 ms
172.104.232.178,443,172.104.232.107,DE,Frankfurt,隧道,234 ms
165.232.139.20,443,165.232.139.20,US,San Jose,中转,175 ms
173.82.134.173,443,173.82.134.173,US,Los Angeles,中转,174 ms
167.99.76.214,443,167.99.76.214,SG,Singapore,中转,1260 ms
173.230.148.57,443,173.230.148.103,US,San Jose,隧道,241 ms
172.105.66.4,443,139.177.178.241,DE,Frankfurt,隧道,233 ms
173.44.61.144,443,173.44.61.144,US,Miami,中转,237 ms
193.122.107.193,443,193.122.107.193,KR,Seoul,中转,50 ms
192.46.224.30,443,192.46.224.29,SG,Singapore,隧道,106 ms
192.46.228.213,443,192.46.228.210,SG,Singapore,隧道,106 ms
192.46.226.84,443,192.46.226.187,SG,Singapore,隧道,102 ms
192.46.224.148,443,172.104.169.16,SG,Singapore,隧道,106 ms
173.205.94.4,443,173.205.94.4,US,Seattle,中转,243 ms
178.128.217.125,443,178.128.217.125,SG,Singapore,中转,238 ms
174.138.12.107,443,174.138.12.107,NL,London,中转,258 ms
172.105.43.137,443,172.105.39.118,IN,Mumbai,隧道,202 ms
172.105.63.63,443,2400:8904::f03c:92ff:fe34:7f97,IN,Mumbai,隧道,206 ms
192.46.225.220,443,172.104.178.88,SG,Singapore,隧道,104 ms
192.53.112.211,443,192.46.225.40,SG,Singapore,隧道,105 ms
178.79.189.156,443,176.58.96.249,GB,London,隧道,231 ms
192.46.231.116,443,192.46.231.10,SG,Singapore,隧道,112 ms
172.105.36.105,443,2400:8904::f03c:92ff:fe34:7f97,IN,Mumbai,隧道,205 ms
178.128.85.212,443,178.128.85.212,SG,Singapore,中转,254 ms
192.46.231.66,443,192.46.231.30,SG,Singapore,隧道,117 ms
172.105.63.60,443,172.105.39.118,IN,Mumbai,隧道,217 ms
192.53.172.57,443,192.53.113.41,SG,Singapore,隧道,99 ms
172.105.43.24,443,172.105.39.118,IN,Mumbai,隧道,220 ms
178.79.190.253,443,139.162.236.119,GB,London,隧道,256 ms
192.53.116.98,443,192.53.116.93,SG,Singapore,隧道,95 ms
172.105.39.118,443,172.105.39.118,IN,Mumbai,中转,220 ms
192.53.118.146,443,192.53.117.18,SG,Singapore,隧道,106 ms
178.79.172.178,443,109.74.205.23,GB,London,隧道,233 ms
192.53.116.180,443,192.53.116.174,SG,Singapore,隧道,106 ms
192.53.118.234,443,139.177.191.207,SG,Singapore,隧道,115 ms
185.14.186.57,443,185.14.186.57,NL,Frankfurt,中转,251 ms
178.79.171.200,443,178.79.170.223,GB,London,隧道,274 ms
172.105.43.88,443,172.105.39.118,IN,Mumbai,隧道,209 ms
170.187.230.163,443,170.187.229.163,SG,Singapore,隧道,98 ms
192.240.123.3,443,192.240.123.3,US,Los Angeles,中转,139 ms
193.123.244.115,443,2603:c022:8002:d4ee:b86e:b7db:e90a:92c1,KR,Tokyo,隧道,57 ms
178.128.54.33,443,178.128.54.33,SG,Singapore,中转,241 ms
192.53.113.68,443,192.53.113.207,SG,Singapore,隧道,103 ms
192.161.60.131,443,192.161.60.131,US,Los Angeles,中转,176 ms
174.138.106.137,443,174.138.106.137,NL,Frankfurt,中转,255 ms
185.87.150.54,443,185.87.150.54,FR,Paris,中转,276 ms
188.166.105.70,443,2a03:b0c0:2:d0::138e:5001,NL,Frankfurt,隧道,257 ms
192.3.231.236,443,192.3.231.236,US,Dallas,中转,209 ms
188.166.183.171,443,188.166.183.171,SG,Singapore,中转,247 ms
188.166.150.197,443,188.166.150.197,GB,London,中转,266 ms
188.166.113.229,443,188.166.113.229,NL,Frankfurt,中转,233 ms
188.166.218.185,443,188.166.218.185,SG,Singapore,中转,243 ms
193.123.248.88,443,193.123.248.88,KR,Tokyo,中转,60 ms
192.161.62.236,443,192.161.62.236,US,Los Angeles,中转,191 ms
20.210.230.62,443,20.210.230.62,JP,Tokyo,中转,84 ms
172.104.88.146,443,172.104.88.119,JP,Tokyo,隧道,47 ms
188.166.84.210,443,188.166.84.210,NL,London,中转,239 ms
178.128.86.164,443,178.128.86.164,SG,Singapore,中转,249 ms
188.166.43.137,443,188.166.43.137,NL,London,中转,241 ms
3.112.21.102,443,3.112.21.102,JP,Tokyo,中转,39 ms
172.105.163.45,443,103.160.101.209,US,Sydney,隧道,300 ms
34.92.10.35,443,34.92.10.35,HK,Hong Kong,中转,36 ms
172.104.93.95,443,172.104.76.30,JP,Tokyo,隧道,49 ms
20.24.78.232,443,20.24.78.232,HK,Singapore,中转,98 ms
198.255.45.130,443,198.255.45.130,US,Denver,中转,168 ms
192.46.233.50,443,172.105.249.229,DE,Frankfurt,隧道,248 ms
35.241.72.154,443,35.241.72.154,HK,Hong Kong,中转,153 ms
192.46.232.131,443,172.105.77.127,DE,Frankfurt,隧道,253 ms
188.166.212.236,443,188.166.212.236,SG,Singapore,中转,242 ms
37.120.154.103,443,37.120.154.103,JP,Tokyo,中转,36 ms
198.199.94.232,443,198.199.94.232,US,San Jose,中转,186 ms
35.190.229.93,443,35.190.229.93,JP,Tokyo,中转,85 ms
23.91.98.239,443,23.91.98.239,HK,Hong Kong,中转,36 ms
192.99.54.60,443,192.99.54.60,CA,Toronto,中转,244 ms
188.166.178.50,443,188.166.178.50,SG,Singapore,中转,252 ms
43.132.162.119,443,43.132.162.119,HK,Hong Kong,中转,33 ms
172.105.205.220,443,172.105.205.171,JP,Tokyo,隧道,56 ms
192.99.201.221,443,192.99.201.221,CA,Toronto,中转,239 ms
23.99.119.36,443,23.99.119.36,HK,Hong Kong,中转,100 ms
192.241.253.132,443,192.241.253.132,US,Newark,中转,283 ms
194.195.243.129,443,192.46.235.138,DE,Frankfurt,隧道,231 ms
43.128.1.112,443,43.128.1.112,HK,Hong Kong,中转,46 ms
43.129.206.100,443,43.129.206.100,HK,Hong Kong,中转,43 ms
194.195.244.215,443,170.187.186.34,DE,Frankfurt,隧道,244 ms
194.187.251.103,443,194.187.251.103,BE,Frankfurt,中转,261 ms
194.233.167.13,443,194.233.167.10,DE,Frankfurt,隧道,243 ms
204.44.111.254,443,204.44.111.254,US,Los Angeles,中转,180 ms
43.128.62.61,443,43.128.62.61,HK,Hong Kong,中转,35 ms
194.195.244.234,443,194.195.244.233,DE,Frankfurt,隧道,248 ms
43.128.9.149,443,43.128.9.149,HK,Hong Kong,中转,44 ms
194.233.162.78,443,172.104.157.183,DE,Frankfurt,隧道,267 ms
194.195.241.48,443,192.46.233.251,DE,Frankfurt,隧道,229 ms
198.16.65.10,443,198.16.65.10,NL,Copenhagen,中转,231 ms
204.44.110.196,443,204.44.110.196,US,Los Angeles,中转,185 ms
204.44.111.102,443,204.44.111.102,US,Seattle,中转,183 ms
193.122.51.229,443,193.122.51.229,DE,Frankfurt,中转,321 ms
167.99.64.75,443,167.99.64.75,SG,Singapore,中转,243 ms
192.241.197.132,443,192.241.197.132,US,San Jose,中转,204 ms
194.233.170.170,443,194.233.170.165,DE,Frankfurt,隧道,238 ms
193.122.58.30,443,193.122.58.30,DE,Munich,中转,266 ms
194.195.246.6,443,194.195.246.21,DE,Frankfurt,隧道,245 ms
194.195.244.81,443,194.195.244.65,DE,Frankfurt,隧道,242 ms
204.44.96.137,443,204.44.96.137,US,Seattle,中转,179 ms
193.122.5.33,443,193.122.5.33,DE,Frankfurt,中转,264 ms
2.58.47.6,443,2.58.47.6,GB,London,中转,278 ms
2.58.45.4,443,2.58.45.4,GB,Manchester,中转,273 ms
192.81.132.184,443,192.81.132.184,US,San Jose,中转,242 ms
198.244.148.214,443,198.244.148.214,GB,London,中转,307 ms
206.189.92.68,443,206.189.92.68,SG,Singapore,中转,244 ms
43.154.55.155,443,43.154.55.155,HK,Hong Kong,中转,38 ms
188.166.186.249,443,188.166.186.249,SG,Singapore,中转,259 ms
23.237.33.106,443,23.237.33.106,US,Los Angeles,中转,183 ms
43.154.1.192,443,43.154.1.192,HK,Hong Kong,中转,35 ms
206.81.22.12,443,206.81.22.12,DE,Frankfurt,中转,256 ms
188.166.223.9,443,188.166.223.9,SG,Singapore,中转,240 ms
45.136.187.80,443,45.136.187.80,DE,Seoul,中转,26 ms
198.199.101.224,443,198.199.101.224,US,San Jose,中转,216 ms
47.100.162.175,443,47.74.41.185,JP,Tokyo,隧道,22 ms
223.4.66.202,443,223.4.66.202,CN,San Jose,中转,32 ms
47.100.124.138,443,47.74.55.0,JP,Tokyo,隧道,7 ms
47.101.62.249,443,47.74.6.82,JP,Tokyo,隧道,15 ms
36.102.227.162,443,117.161.143.162,CN,Hong Kong,隧道,32 ms
36.102.227.157,443,117.161.143.157,CN,Hong Kong,隧道,33 ms
47.112.145.240,443,47.52.116.41,HK,Hong Kong,隧道,35 ms
47.241.222.60,443,47.241.222.60,SG,Singapore,中转,71 ms
45.118.133.220,443,172.104.187.45,SG,Singapore,隧道,111 ms
223.4.75.27,443,223.4.75.27,CN,San Jose,中转,11 ms
45.118.132.202,443,172.104.52.169,SG,Singapore,隧道,98 ms
47.117.40.153,443,47.57.8.24,HK,Hong Kong,隧道,8 ms
47.241.13.35,443,47.241.13.35,SG,Singapore,中转,66 ms
47.241.230.8,443,47.241.230.8,SG,Singapore,中转,66 ms
45.118.132.246,443,45.118.132.226,SG,Singapore,隧道,105 ms
212.71.255.70,443,212.71.255.221,GB,London,隧道,253 ms
47.241.226.56,443,47.241.226.56,SG,Singapore,中转,69 ms
47.241.188.84,443,47.241.188.84,SG,Singapore,中转,74 ms
206.189.24.143,443,2a03:b0c0:1:d0::111c:2001,GB,London,隧道,289 ms
221.181.52.134,443,221.181.52.132,CN,Hong Kong,隧道,66 ms
174.138.22.166,443,174.138.22.166,SG,Singapore,中转,239 ms
47.241.244.211,443,47.241.244.211,SG,Singapore,中转,69 ms
34.145.145.76,443,34.145.145.76,US,Ashburn,中转,270 ms
43.229.50.123,443,43.229.50.123,CN,San Jose,中转,10 ms
212.71.244.126,443,178.79.152.111,GB,London,隧道,251 ms
223.4.76.213,443,223.4.76.213,CN,San Jose,中转,53 ms
47.243.146.249,443,47.243.146.249,HK,Hong Kong,中转,36 ms
34.150.180.124,443,34.150.180.124,US,Ashburn,中转,254 ms
34.150.133.11,443,34.150.133.11,US,Ashburn,中转,257 ms
47.241.191.160,443,47.241.191.160,SG,Singapore,中转,68 ms
47.241.233.124,443,47.241.233.124,SG,Singapore,中转,71 ms
223.4.78.86,443,223.4.66.103,CN,San Jose,隧道,7 ms
43.229.50.122,443,43.229.50.122,CN,San Jose,中转,10 ms
37.120.151.163,443,37.120.151.163,SG,Singapore,中转,272 ms
42.186.175.8,443,108.129.22.103,IE,Dublin,隧道,14 ms
37.120.151.164,443,37.120.151.164,SG,Singapore,中转,230 ms
47.241.64.73,443,47.241.64.73,SG,Singapore,中转,68 ms
47.241.251.16,443,47.241.251.16,SG,Singapore,中转,68 ms
47.243.22.153,443,47.243.22.153,HK,Hong Kong,中转,38 ms
208.167.233.101,443,208.167.233.101,US,Newark,中转,266 ms
47.241.95.138,443,47.241.95.138,SG,Singapore,中转,73 ms
47.243.245.195,443,47.243.245.195,HK,Hong Kong,中转,42 ms
45.33.9.8,443,45.33.9.178,US,Dallas,隧道,222 ms
209.97.166.39,443,209.97.166.39,SG,Singapore,中转,249 ms
45.56.80.205,443,23.239.4.164,US,San Jose,隧道,192 ms
45.56.86.35,443,45.56.86.33,US,San Jose,隧道,250 ms
23.237.58.50,443,216.151.180.27,XX,Newark,隧道,217 ms
47.242.57.202,443,47.242.57.202,HK,Hong Kong,中转,37 ms
47.52.78.112,443,47.52.78.112,HK,Hong Kong,中转,36 ms
47.57.182.4,443,47.57.182.63,HK,Hong Kong,隧道,39 ms
198.199.92.198,443,198.199.92.198,US,San Jose,中转,177 ms
23.239.23.168,443,23.239.23.151,US,San Jose,隧道,1248 ms
47.244.25.73,443,47.244.25.73,HK,Hong Kong,中转,35 ms
45.32.12.12,443,45.32.12.12,JP,Tokyo,中转,241 ms
47.243.206.41,443,47.243.206.41,HK,Singapore,中转,69 ms
39.106.114.208,443,39.106.114.208,CN,San Jose,中转,35 ms
45.33.38.213,443,173.255.213.55,US,San Jose,隧道,215 ms
47.243.205.204,443,47.243.205.204,HK,Singapore,中转,75 ms
45.33.53.179,443,45.33.53.164,US,San Jose,隧道,198 ms
47.93.16.123,443,47.57.8.24,HK,Hong Kong,隧道,29 ms
47.93.6.221,443,47.57.7.234,HK,Hong Kong,隧道,34 ms
45.80.189.130,443,45.80.189.130,DE,Frankfurt,中转,195 ms
43.134.91.212,443,43.134.91.212,SG,Singapore,中转,223 ms
47.52.101.237,443,13.125.13.106,US,Seoul,隧道,35 ms
45.33.56.249,443,45.33.56.239,US,San Jose,隧道,237 ms
47.91.207.96,443,47.91.207.96,HK,Hong Kong,中转,36 ms
39.134.154.157,443,39.134.154.157,CN,Hong Kong,中转,43 ms
45.79.160.47,443,172.104.15.101,US,Newark,隧道,231 ms
45.79.250.57,443,45.79.250.101,DE,Frankfurt,隧道,243 ms
5.252.198.60,443,5.252.198.60,JP,Tokyo,中转,93 ms
45.33.11.226,443,45.33.11.226,US,Dallas,中转,221 ms
209.97.163.37,443,209.97.163.37,SG,Singapore,中转,242 ms
51.79.254.182,443,51.79.254.182,SG,Singapore,中转,115 ms
45.79.31.159,443,192.53.170.148,US,Dallas,隧道,225 ms
8.209.219.170,443,8.209.219.170,JP,Tokyo,中转,36 ms
79.110.55.248,443,79.110.55.248,KR,Tokyo,中转,41 ms
8.209.220.34,443,8.209.220.34,JP,Tokyo,中转,35 ms
47.57.245.232,443,47.88.7.145,US,San Jose,隧道,39 ms
47.57.233.126,443,47.88.21.157,US,San Jose,隧道,41 ms
45.79.98.92,443,45.79.98.92,US,San Jose,中转,211 ms
45.79.168.17,443,2600:3c03::f03c:91ff:fe98:23fb,US,Newark,隧道,270 ms
8.211.141.242,443,8.211.141.242,JP,Tokyo,中转,32 ms
198.12.68.162,443,198.12.68.162,US,Newark,中转,241 ms
50.7.158.2,443,50.7.158.2,JP,Tokyo,中转,194 ms
8.218.80.89,443,8.218.80.89,HK,Hong Kong,中转,39 ms
47.254.81.145,443,47.254.81.145,US,San Jose,中转,213 ms
8.217.35.145,443,8.217.35.145,HK,Hong Kong,中转,40 ms
50.7.250.210,443,50.7.250.210,HK,Hong Kong,中转,195 ms
8.218.235.49,443,8.218.235.49,HK,Hong Kong,中转,37 ms
66.212.20.3,443,66.212.20.3,US,Los Angeles,中转,183 ms
8.219.0.208,443,8.219.0.208,SG,Singapore,中转,69 ms
66.154.105.8,443,66.154.105.8,US,Los Angeles,中转,183 ms
45.77.236.204,443,45.77.236.204,AU,Sydney,中转,275 ms
66.42.57.244,443,66.42.57.244,SG,Singapore,中转,213 ms
8.219.66.115,443,8.219.66.115,SG,Singapore,中转,69 ms
47.112.125.103,443,47.112.125.103,CN,San Jose,中转,50 ms
47.252.26.216,443,47.252.26.216,US,Ashburn,中转,314 ms
47.252.25.210,443,47.252.25.210,US,Ashburn,中转,303 ms
47.252.29.54,443,47.252.29.54,US,Ashburn,中转,299 ms
43.156.7.182,443,43.156.7.182,SG,Singapore,中转,346 ms
51.195.140.208,443,51.195.140.208,FR,London,中转,300 ms
91.207.174.100,443,91.207.174.100,JP,Tokyo,中转,43 ms
51.38.44.17,443,51.38.44.17,FR,Paris,中转,299 ms
51.75.70.34,443,51.75.70.34,FR,Frankfurt,中转,316 ms
5.135.110.142,443,5.135.110.134,FR,Frankfurt,隧道,314 ms
84.17.38.132,443,84.17.38.132,SG,Singapore,中转,106 ms
50.7.151.16,443,50.7.151.16,FR,Paris,中转,245 ms
51.255.43.76,443,51.255.43.76,FR,Paris,中转,321 ms
51.77.53.135,443,2001:41d0:602:2787::,PL,Warsaw,隧道,302 ms
51.75.188.3,443,51.75.188.3,FR,Paris,中转,320 ms
45.63.114.83,443,45.63.114.83,FR,Paris,中转,355 ms
51.254.188.213,443,2001:41d0:a:3d85::8466:9c02,FR,Paris,隧道,310 ms
51.75.188.6,443,51.75.188.6,FR,Paris,中转,337 ms
172.105.117.225,443,172.105.117.162,SG,Singapore,隧道,109 ms
5.180.78.8,443,5.180.78.8,SG,Singapore,中转,274 ms
96.44.161.3,443,96.44.161.3,US,Los Angeles,中转,176 ms
51.178.139.19,443,51.178.139.19,FR,Paris,中转,301 ms
64.227.168.107,443,64.227.168.107,IN,Mumbai,中转,317 ms
80.85.87.219,443,139.162.220.185,GB,London,隧道,234 ms
64.227.183.154,443,64.227.183.154,IN,Mumbai,中转,320 ms
82.196.2.39,443,82.196.2.39,NL,Frankfurt,中转,236 ms
82.196.2.197,443,82.196.2.197,NL,London,中转,243 ms
66.90.91.51,443,66.90.91.51,RU,Moscow,中转,343 ms
82.196.10.46,443,82.196.10.46,NL,Frankfurt,中转,252 ms
51.38.13.55,443,51.38.13.55,GB,Paris,中转,300 ms
74.207.251.161,443,173.255.219.34,US,San Jose,隧道,278 ms
68.183.94.7,443,68.183.94.7,IN,Mumbai,中转,344 ms
68.183.93.191,443,68.183.93.191,IN,Mumbai,中转,334 ms
5.196.68.133,443,5.196.68.133,FR,London,中转,333 ms
54.37.235.201,443,54.37.235.201,FR,Warsaw,中转,330 ms
54.37.234.80,443,54.37.234.80,FR,Warsaw,中转,311 ms
68.183.229.35,443,68.183.229.35,SG,Singapore,中转,239 ms
8.135.103.42,443,8.135.103.42,CN,San Jose,中转,34 ms
68.183.238.244,443,68.183.238.244,SG,Singapore,中转,246 ms
